32cad6da0c6972d165a08c4d9d8d60c1,,,,
18da3b853a371ada1b3bd9065328a9f9,,,,星3
aedd9c6dd90e690053bb6a2f853f6c10,,,,星3
c509a2993bee3254e96777b98a6acaba,,,,星1
cb9b0e2c49cf14bb64d93210e84c7f8c,,,,星1
632cafcb7e16140720a47732461ddcc4,,,,星3
13757e21856a5b048f1ae3ec0e6d5072,,,,星5
9f100a2d18166e1e43570718358d9a52,,,,星1
c9551e1ea04859d47fb20a1c85118e2b,,,,星1
04a7fcdefac172544013f568ecdde0bf,,,,星1
a12481be133f738c717aaff8bec23944,,,,星1
43daba71c9bfca7897eebe1dce98dbb8,,,,星1
29748dcbef75ecebe2e84a4cc94150d7,,,,星1
3020021304c3311ab03f3a8e2a0417d8,,,,星5
4bd7ea82321d590a18d80fa97da5b827,,,,星4
974308b52f75e531a061e2362fc6c9ec,,,,星4
cbe97d69a00392f4e3a43ac1d19addb9,,,,星5
d8332f554f6536c847a6671fabd9a43c,,,,星1
9dbdd635c80d5850a39437fc494aea61,,,,星4
3fdbf2e220e27e40ddf8074c3b960421,,,,星5
a31479b63eefea4cd63c9b0cc98c4b5c,,,,星5
b4ca0016fbdc173ebd218fa8784505da,,,,星5
eaed721d2e33277ddfa625fd420c9393,,,,星5
a02475915756a5a14e6936eb054ac139,,,,星5
d53f466eea2d3ef6aecdf71bb0cd6078,,,,星5
4683da30f220c4644c7fdef399dab358,,,,星5
3592e13b99cf2aace01f38af4483dbcf,,,,星1
7db1a98e9c5232c700427c04b53db27c,,,,星5
3780d1accb4f7069a1841f57b77c608a,,,,星5
d9cbab4fc3050842f4c8abd586ada832,,,,星5
c85962d28060f7e6e8a3badd585e8904,,,,星1
3d9977ffa5fe13514342f4b9fd2c6d4d,,,,星5
1ffc5158fe6aedce13c7162a81fd8da0,,,,星5
e1dc35ee493b1181056b79f39bb4d019,,,,星5
14535e448d9a8e84a40b55555c7f1bbf,,,,星5
5667ac810fc039e051071e769fd9aa4f,,,,星5
502f87979c8ec63a7ed16f5dbae30525,,,,星5
d8d200c5249f8142936b3f236d5402f5,,,,星1
cc18fceccd6a4b2c1ee90795d3e29eb6,,,,星5
ec8d7337a89be9b7c9a33a69d22116ad,,,,星5
86c43e319b941cd2e14f5d9e70af0c39,,,,星5
1f45bb6cd04daf1d9a7fa76b207f0d73,,,,星5
308880345ee4d73bf01c29be81ae72f3,,,,星5
ce6c1d3e9abc1bcc4107a8682b1c41d0,,,,星5
e15a33a82a45566b5049f97cc402ca91,,,,星5
8f0309602162eb7290dcc2f6278c998c,,,,星1
64bfdcb610c2530a258ac5e0af943c9f,,,,星5
1f075cfa98af4fd6e64ce1986d83423a,,,,星5
a0461f7a4e62b40fe0bd18923eaa0eb0,,,,星5
b6fc8046157797526ff8dc705ab92ea3,,,,星5
2a76ee9e82cdba261abd1999f1b4251d,,,,星4
1524a7d6e4fd5d921fd54740311e1ea6,,,,星5
890da0f1f403e3d016548f62e6e68d5e,,,,星5
1e2dc1a74ada9b135ef5ff413b5acf37,,,,星5
ccdf82a125fa8d0e08748fb56937a601,,,,星5
52892193fe20f6481eef837b2f186166,,,,星1
8c4862ff4ed70df10d32ecf3f2886752,,,,星5
4a6a3ef1fa8f5c99427b3487761ef7ab,,,,星5
08792aafa07fd92ee1d8daa24fe12c3b,,,,星1
4fb213e098b11642f48bb7f6c23f53f3,,「いつもどれくらいオナニーしているんだい005 (2).webp,,
08f6b5b1a30521e3e3d07d3098ee71c0,珍を腹の上に,IMG_3302.JPG,,
